id,name,state
1000,Alabama1,AL
1001,Autauga1,AL
1003,Baldwin1,AL
1005,Barbour1,AL
1007,Bibb1,AL
1009,Blount1,AL
1011,Bullock1,AL
1013,Butler1,AL
1015,Calhoun1,AL
1017,Chambers1,AL
1019,Cherokee1,AL
1021,Chilton1,AL
1023,Choctaw1,AL
1025,Clarke1,AL
1027,Clay1,AL
1029,Cleburne1,AL
1031,Coffee1,AL
1033,Colbert1,AL
1035,Conecuh1,AL
1037,Coosa1,AL
1039,Covington1,AL
1041,Crenshaw1,AL
1043,Cullman1,AL
1045,Dale1,AL
1047,Dallas1,AL
1049,De Kalb1,IN
1051,Elmore1,AL
1053,Escambia1,AL
1055,Etowah1,AL
1057,Fayette1,AL
1059,Franklin1,AL
1061,Geneva1,AL
1063,Greene1,AL
1065,Hale1,AL
1067,Henry1,AL
1069,Houston1,AL
1071,Jackson1,AL
1073,Jefferson1,AL
1075,Lamar1,AL
1077,Lauderdale1,AL
1079,Lawrence1,AL
1081,Lee1,AL
1083,Limestone1,AL
1085,Lowndes1,AL
1087,Macon1,AL
1089,Madison1,AL
1091,Marengo1,AL
1093,Marion1,AL
1095,Marshall1,AL
1097,Mobile1,AL
1099,Monroe1,AL
1101,Montgomery1,AL
1103,Morgan1,AL
1105,Perry1,AL
1107,Pickens1,AL
1109,Pike1,AL
1111,Randolph1,AL
1113,Russell1,AL
1115,St. Clair1,AL
1117,Shelby1,AL
1119,Sumter1,AL
1121,Talladega1,AL
1123,Tallapoosa1,AL
1125,Tuscaloosa1,AL
1127,Walker1,AL
1129,Washington1,AL
1131,Wilcox1,AL
1133,Winston1,AL
2000,Alaska1,AL
2013,Aleutians East1,AK
2016,Aleutians West1,AK
2020,Anchorage1,AK
2050,Bethel1,AK
2060,Bristol Bay1,AK
2068,Denali1,AK
2070,Dillingham1,AK
2090,Fairbanks North Star1,AK
2100,Haines1,AK
2110,Juneau1,AK
2122,Kenai Peninsula1,AK
2130,Ketchikan Gateway1,AK
2150,Kodiak Island1,AK
2164,Lake and Peninsula1,AK
2170,Matanuska-Susitna1,AK
2180,Nome1,AK
2185,North Slope1,AK
2188,Northwest Arctic1,AK
2201,Prince of Wales-Outer Ketchikan1,AK
2220,Sitka1,AK
2232,Skagway-Hoonah-Angoon1,AK
2240,Southeast Fairbanks1,AK
2261,Valdez-Cordova1,AK
2270,Wade Hampton1,AK
2280,Wrangell-Petersburg1,AK
2282,Yakutat1,AK
2290,Yukon-Koyukuk1,AK
4000,Arizona1,AK
4001,Apache1,AZ
4003,Cochise1,AZ
4005,Coconino1,AZ
4007,Gila1,AZ
4009,Graham1,AZ
4011,Greenlee1,AZ
4012,La Paz1,AZ
4013,Maricopa1,AZ
4015,Mohave1,AZ
4017,Navajo1,AZ
4019,Pima1,AZ
4021,Pinal1,AZ
4023,Santa Cruz1,AZ
4025,Yavapai1,AZ
4027,Yuma1,AZ
5000,Arkansas1,AZ
5001,Arkansas2,AR
5003,Ashley1,AR
5005,Baxter1,AR
5007,Benton1,AR
5009,Boone1,AR
5011,Bradley1,AR
5013,Calhoun2,AR
5015,Carroll1,AR
5017,Chicot1,AR
5019,Clark1,AR
5021,Clay2,AR
5023,Cleburne2,AR
5025,Cleveland1,AR
5027,Columbia1,AR
5029,Conway1,AR
5031,Craighead1,AR
5033,Crawford1,AR
5035,Crittenden1,AR
5037,Cross1,AR
5039,Dallas2,AR
5041,Desha1,AR
5043,Drew1,AR
5045,Faulkner1,AR
5047,Franklin2,AR
5049,Fulton1,AR
5051,Garland1,AR
5053,Grant1,AR
5055,Greene2,AR
5057,Hempstead1,AR
5059,Hot Spring1,AR
5061,Howard1,AR
5063,Independence1,AR
5065,Izard1,AR
5067,Jackson2,AR
5069,Jefferson2,AR
5071,Johnson1,AR
5073,Lafayette1,AR
5075,Lawrence2,AR
5077,Lee2,AR
5079,Lincoln1,AR
5081,Little River1,AR
5083,Logan1,AR
5085,Lonoke1,AR
5087,Madison2,AR
5089,Marion2,AR
5091,Miller1,AR
5093,Mississippi1,AR
5095,Monroe2,AR
5097,Montgomery2,AR
5099,Nevada1,AR
5101,Newton1,AR
5103,Ouachita1,AR
5105,Perry2,AR
5107,Phillips1,AR
5109,Pike2,AR
5111,Poinsett1,AR
5113,Polk1,AR
5115,Pope1,AR
5117,Prairie1,AR
5119,Pulaski1,AR
5121,Randolph2,AR
5123,St. Francis1,AR
5125,Saline1,AR
5127,Scott1,AR
5129,Searcy1,AR
5131,Sebastian1,AR
5133,Sevier1,AR
5135,Sharp1,AR
5137,Stone1,AR
5139,Union1,AR
5141,Van Buren1,AR
5143,Washington2,AR
5145,White1,AR
5147,Woodruff1,AR
5149,Yell1,AR
6000,California1,AR
6001,Alameda1,CA
6003,Alpine1,CA
6005,Amador1,CA
6007,Butte1,CA
6009,Calaveras1,CA
6011,Colusa1,CA
6013,Contra Costa1,CA
6015,Del Norte1,CA
6017,El Dorado1,CA
6019,Fresno1,CA
6021,Glenn1,CA
6023,Humboldt1,CA
6025,Imperial1,CA
6027,Inyo1,CA
6029,Kern1,CA
6031,Kings1,CA
6033,Lake1,CA
6035,Lassen1,CA
6037,Los Angeles1,CA
6039,Madera1,CA
6041,Marin1,CA
6043,Mariposa1,CA
6045,Mendocino1,CA
6047,Merced1,CA
6049,Modoc1,CA
6051,Mono1,CA
6053,Monterey1,CA
6055,Napa1,CA
6057,Nevada2,CA
6059,Orange1,CA
6061,Placer1,CA
6063,Plumas1,CA
6065,Riverside1,CA
6067,Sacramento1,CA
6069,San Benito1,CA
6071,San Bernardino1,CA
6073,San Diego1,CA
6075,San Francisco1,CA
6077,San Joaquin1,CA
6079,San Luis Obispo1,CA
6081,San Mateo1,CA
6083,Santa Barbara1,CA
6085,Santa Clara1,CA
6087,Santa Cruz2,CA
6089,Shasta1,CA
6091,Sierra1,CA
6093,Siskiyou1,CA
6095,Solano1,CA
6097,Sonoma1,CA
6099,Stanislaus1,CA
6101,Sutter1,CA
6103,Tehama1,CA
6105,Trinity1,CA
6107,Tulare1,CA
6109,Tuolumne1,CA
6111,Ventura1,CA
6113,Yolo1,CA
6115,Yuba1,CA
8000,Colorado1,CA
8001,Adams1,CO
8003,Alamosa1,CO
8005,Arapahoe1,CO
8007,Archuleta1,CO
8009,Baca1,CO
8011,Bent1,CO
8013,Boulder1,CO
8015,Chaffee1,CO
8017,Cheyenne1,CO
8019,Clear Creek1,CO
8021,Conejos1,CO
8023,Costilla1,CO
8025,Crowley1,CO
8027,Custer1,CO
8029,Delta1,CO
8031,Denver1,CO
8033,Dolores1,CO
8035,Douglas1,CO
8037,Eagle1,CO
8039,Elbert1,CO
8041,El Paso1,CO
8043,Fremont1,CO
8045,Garfield1,CO
8047,Gilpin1,CO
8049,Grand1,CO
8051,Gunnison1,CO
8053,Hinsdale1,CO
8055,Huerfano1,CO
8057,Jackson3,CO
8059,Jefferson3,CO
8061,Kiowa1,CO
8063,Kit Carson1,CO
8065,Lake2,CO
8067,La Plata1,CO
8069,Larimer1,CO
8071,Las Animas1,CO
8073,Lincoln2,CO
8075,Logan2,CO
8077,Mesa1,CO
8079,Mineral1,CO
8081,Moffat1,CO
8083,Montezuma1,CO
8085,Montrose1,CO
8087,Morgan2,CO
8089,Otero1,CO
8091,Ouray1,CO
8093,Park1,CO
8095,Phillips2,CO
8097,Pitkin1,CO
8099,Prowers1,CO
8101,Pueblo1,CO
8103,Rio Blanco1,CO
8105,Rio Grande1,CO
8107,Routt1,CO
8109,Saguache1,CO
8111,San Juan1,CO
8113,San Miguel1,CO
8115,Sedgwick1,CO
8117,Summit1,CO
8119,Teller1,CO
8121,Washington3,CO
8123,Weld1,CO
8125,Yuma2,CO
9000,Connecticut1,CO
9001,Fairfield1,CT
9003,Hartford1,CT
9005,Litchfield1,CT
9007,Middlesex1,CT
9009,New Haven1,CT
9011,New London1,CT
9013,Tolland1,CT
9015,Windham1,CT
10000,Delaware1,CT
10001,Kent1,DE
10003,New Castle1,DE
10005,Sussex1,DE
11000,District of Columbia1,DE
11001,District of Columbia2,DC
12000,Florida1,DC
12001,Alachua1,FL
12003,Baker1,FL
12005,Bay1,FL
12007,Bradford1,FL
12009,Brevard1,FL
12011,Broward1,FL
12013,Calhoun3,FL
12015,Charlotte1,FL
12017,Citrus1,FL
12019,Clay3,FL
12021,Collier1,FL
12023,Columbia2,FL
12025,Dade1,GA
12027,De Soto1,LA
12029,Dixie1,FL
12031,Duval1,FL
12033,Escambia2,FL
12035,Flagler1,FL
12037,Franklin3,FL
12039,Gadsden1,FL
12041,Gilchrist1,FL
12043,Glades1,FL
12045,Gulf1,FL
12047,Hamilton1,FL
12049,Hardee1,FL
12051,Hendry1,FL
12053,Hernando1,FL
12055,Highlands1,FL
12057,Hillsborough1,FL
12059,Holmes1,FL
12061,Indian River1,FL
12063,Jackson4,FL
12065,Jefferson4,FL
12067,Lafayette2,FL
12069,Lake3,FL
12071,Lee3,FL
12073,Leon1,FL
12075,Levy1,FL
12077,Liberty1,FL
12079,Madison3,FL
12081,Manatee1,FL
12083,Marion3,FL
12085,Martin1,FL
12087,Monroe3,FL
12089,Nassau1,FL
12091,Okaloosa1,FL
12093,Okeechobee1,FL
12095,Orange2,FL
12097,Osceola1,FL
12099,Palm Beach1,FL
12101,Pasco1,FL
12103,Pinellas1,FL
12105,Polk2,FL
12107,Putnam1,FL
12109,St. Johns1,FL
12111,St. Lucie1,FL
12113,Santa Rosa1,FL
12115,Sarasota1,FL
12117,Seminole1,FL
12119,Sumter2,FL
12121,Suwannee1,FL
12123,Taylor1,FL
12125,Union2,FL
12127,Volusia1,FL
12129,Wakulla1,FL
12131,Walton1,FL
12133,Washington4,FL
13000,Georgia1,FL
13001,Appling1,GA
13003,Atkinson1,GA
13005,Bacon1,GA
13007,Baker2,GA
13009,Baldwin2,GA
13011,Banks1,GA
13013,Barrow1,GA
13015,Bartow1,GA
13017,Ben Hill1,GA
13019,Berrien1,GA
13021,Bibb2,GA
13023,Bleckley1,GA
13025,Brantley1,GA
13027,Brooks1,GA
13029,Bryan1,GA
13031,Bulloch1,GA
13033,Burke1,GA
13035,Butts1,GA
13037,Calhoun4,GA
13039,Camden1,GA
13043,Candler1,GA
13045,Carroll2,GA
13047,Catoosa1,GA
13049,Charlton1,GA
13051,Chatham1,GA
13053,Chattahoochee1,GA
13055,Chattooga1,GA
13057,Cherokee2,GA
13059,Clarke2,GA
13061,Clay4,GA
13063,Clayton1,GA
13065,Clinch1,GA
13067,Cobb1,GA
13069,Coffee2,GA
13071,Colquitt1,GA
13073,Columbia3,GA
13075,Cook1,GA
13077,Coweta1,GA
13079,Crawford2,GA
13081,Crisp1,GA
13083,Dade2,MO
13085,Dawson1,GA
13087,Decatur1,GA
13089,De Kalb2,GA
13091,Dodge1,GA
13093,Dooly1,GA
13095,Dougherty1,GA
13097,Douglas2,GA
13099,Early1,GA
13101,Echols1,GA
13103,Effingham1,GA
13105,Elbert2,GA
13107,Emanuel1,GA
13109,Evans1,GA
13111,Fannin1,GA
13113,Fayette2,GA
13115,Floyd1,GA
13117,Forsyth1,GA
13119,Franklin4,GA
13121,Fulton2,GA
13123,Gilmer1,GA
13125,Glascock1,GA
13127,Glynn1,GA
13129,Gordon1,GA
13131,Grady1,GA
13133,Greene3,GA
13135,Gwinnett1,GA
13137,Habersham1,GA
13139,Hall1,GA
13141,Hancock1,GA
13143,Haralson1,GA
13145,Harris1,GA
13147,Hart1,GA
13149,Heard1,GA
13151,Henry2,GA
13153,Houston2,GA
13155,Irwin1,GA
13157,Jackson5,GA
13159,Jasper1,GA
13161,Jeff Davis1,GA
13163,Jefferson5,GA
13165,Jenkins1,GA
13167,Johnson2,GA
13169,Jones1,GA
13171,Lamar2,GA
13173,Lanier1,GA
13175,Laurens1,GA
13177,Lee4,GA
13179,Liberty2,GA
13181,Lincoln3,GA
13183,Long1,GA
13185,Lowndes2,GA
13187,Lumpkin1,GA
13189,McDuffie1,GA
13191,McIntosh1,GA
13193,Macon2,GA
13195,Madison4,GA
13197,Marion4,GA
13199,Meriwether1,GA
13201,Miller2,GA
13205,Mitchell1,GA
13207,Monroe4,GA
13209,Montgomery3,GA
13211,Morgan3,GA
13213,Murray1,GA
13215,Muscogee1,GA
13217,Newton2,GA
13219,Oconee1,GA
13221,Oglethorpe1,GA
13223,Paulding1,GA
13225,Peach1,GA
13227,Pickens2,GA
13229,Pierce1,GA
13231,Pike3,GA
13233,Polk3,GA
13235,Pulaski2,GA
13237,Putnam2,GA
13239,Quitman1,GA
13241,Rabun1,GA
13243,Randolph3,GA
13245,Richmond1,GA
13247,Rockdale1,GA
13249,Schley1,GA
13251,Screven1,GA
13253,Seminole2,GA
13255,Spalding1,GA
13257,Stephens1,GA
13259,Stewart1,GA
13261,Sumter3,GA
13263,Talbot1,GA
13265,Taliaferro1,GA
13267,Tattnall1,GA
13269,Taylor2,GA
13271,Telfair1,GA
13273,Terrell1,GA
13275,Thomas1,GA
13277,Tift1,GA
13279,Toombs1,GA
13281,Towns1,GA
13283,Treutlen1,GA
13285,Troup1,GA
13287,Turner1,GA
13289,Twiggs1,GA
13291,Union3,GA
13293,Upson1,GA
13295,Walker2,GA
13297,Walton2,GA
13299,Ware1,GA
13301,Warren1,GA
13303,Washington5,GA
13305,Wayne1,GA
13307,Webster1,GA
13309,Wheeler1,GA
13311,White2,GA
13313,Whitfield1,GA
13315,Wilcox2,GA
13317,Wilkes1,GA
13319,Wilkinson1,GA
13321,Worth1,GA
15000,Hawaii1,GA
15001,Hawaii2,HI
15003,Honolulu1,HI
15005,Kalawao1,HI
15007,Kauai1,HI
15009,Maui1,HI
16000,Idaho1,HI
16001,Ada1,ID
16003,Adams2,ID
16005,Bannock1,ID
16007,Bear Lake1,ID
16009,Benewah1,ID
16011,Bingham1,ID
16013,Blaine1,ID
16015,Boise1,ID
16017,Bonner1,ID
16019,Bonneville1,ID
16021,Boundary1,ID
16023,Butte2,ID
16025,Camas1,ID
16027,Canyon1,ID
16029,Caribou1,ID
16031,Cassia1,ID
16033,Clark2,ID
16035,Clearwater1,ID
16037,Custer2,ID
16039,Elmore2,ID
16041,Franklin5,ID
16043,Fremont2,ID
16045,Gem1,ID
16047,Gooding1,ID
16049,Idaho2,ID
16051,Jefferson6,ID
16053,Jerome1,ID
16055,Kootenai1,ID
16057,Latah1,ID
16059,Lemhi1,ID
16061,Lewis1,ID
16063,Lincoln4,ID
16065,Madison5,ID
16067,Minidoka1,ID
16069,Nez Perce1,ID
16071,Oneida1,ID
16073,Owyhee1,ID
16075,Payette1,ID
16077,Power1,ID
16079,Shoshone1,ID
16081,Teton1,ID
16083,Twin Falls1,ID
16085,Valley1,ID
16087,Washington6,ID
17000,Illinois1,ID
17001,Adams3,IL
17003,Alexander1,IL
17005,Bond1,IL
17007,Boone2,IL
17009,Brown1,IL
17011,Bureau1,IL
17013,Calhoun5,IL
17015,Carroll3,IL
17017,Cass1,IL
17019,Champaign1,IL
17021,Christian1,IL
17023,Clark3,IL
17025,Clay5,IL
17027,Clinton1,IL
17029,Coles1,IL
17031,Cook2,IL
17033,Crawford3,IL
17035,Cumberland1,IL
17037,DeKalb1,AL
17039,De Witt1,IL
17041,Douglas3,IL
17043,DuPage1,IL
17045,Edgar1,IL
17047,Edwards1,IL
17049,Effingham2,IL
17051,Fayette3,IL
17053,Ford1,IL
17055,Franklin6,IL
17057,Fulton3,IL
17059,Gallatin1,IL
17061,Greene4,IL
17063,Grundy1,IL
17065,Hamilton2,IL
17067,Hancock2,IL
17069,Hardin1,IL
17071,Henderson1,IL
17073,Henry3,IL
17075,Iroquois1,IL
17077,Jackson6,IL
17079,Jasper2,IL
17081,Jefferson7,IL
17083,Jersey1,IL
17085,Jo Daviess1,IL
17087,Johnson3,IL
17089,Kane1,IL
17091,Kankakee1,IL
17093,Kendall1,IL
17095,Knox1,IL
17097,Lake4,IL
17099,La Salle1,IL
17101,Lawrence3,IL
17103,Lee5,IL
17105,Livingston1,IL
17107,Logan3,IL
17109,McDonough1,IL
17111,McHenry1,IL
17113,McLean1,IL
17115,Macon3,IL
17117,Macoupin1,IL
17119,Madison6,IL
17121,Marion5,IL
17123,Marshall2,IL
17125,Mason1,IL
17127,Massac1,IL
17129,Menard1,IL
17131,Mercer1,IL
17133,Monroe5,IL
17135,Montgomery4,IL
17137,Morgan4,IL
17139,Moultrie1,IL
17141,Ogle1,IL
17143,Peoria1,IL
17145,Perry3,IL
17147,Piatt1,IL
17149,Pike4,IL
17151,Pope2,IL
17153,Pulaski3,IL
17155,Putnam3,IL
17157,Randolph4,IL
17159,Richland1,IL
17161,Rock Island1,IL
17163,St. Clair2,IL
17165,Saline2,IL
17167,Sangamon1,IL
17169,Schuyler1,IL
17171,Scott2,IL
17173,Shelby2,IL
17175,Stark1,IL
17177,Stephenson1,IL
17179,Tazewell1,IL
17181,Union4,IL
17183,Vermilion1,IL
17185,Wabash1,IL
17187,Warren2,IL
17189,Washington7,IL
17191,Wayne2,IL
17193,White3,IL
17195,Whiteside1,IL
17197,Will1,IL
17199,Williamson1,IL
17201,Winnebago1,IL
17203,Woodford1,IL
18000,Indiana1,IL
18001,Adams4,IN
18003,Allen1,IN
18005,Bartholomew1,IN
18007,Benton2,IN
18009,Blackford1,IN
18011,Boone3,IN
18013,Brown2,IN
18015,Carroll4,IN
18017,Cass2,IN
18019,Clark4,IN
18021,Clay6,IN
18023,Clinton2,IN
18025,Crawford4,IN
18027,Daviess1,IN
18029,Dearborn1,IN
18031,Decatur2,IN
18033,De Kalb3,IN
18035,Delaware2,IN
18037,Dubois1,IN
18039,Elkhart1,IN
18041,Fayette4,IN
18043,Floyd2,IN
18045,Fountain1,IN
18047,Franklin7,IN
18049,Fulton4,IN
18051,Gibson1,IN
18053,Grant2,IN
18055,Greene5,IN
18057,Hamilton3,IN
18059,Hancock3,IN
18061,Harrison1,IN
18063,Hendricks1,IN
18065,Henry4,IN
18067,Howard2,IN
18069,Huntington1,IN
18071,Jackson7,IN
18073,Jasper3,IN
18075,Jay1,IN
18077,Jefferson8,IN
18079,Jennings1,IN
18081,Johnson4,IN
18083,Knox2,IN
18085,Kosciusko1,IN
18087,Lagrange1,IN
18089,Lake5,IN
18091,La Porte1,IN
18093,Lawrence4,IN
18095,Madison7,IN
18097,Marion6,IN
18099,Marshall3,IN
18101,Martin2,IN
18103,Miami1,IN
18105,Monroe6,IN
18107,Montgomery5,IN
18109,Morgan5,IN
18111,Newton3,IN
18113,Noble1,IN
18115,Ohio1,IN
18117,Orange3,IN
18119,Owen1,IN
18121,Parke1,IN
18123,Perry4,IN
18125,Pike5,IN
18127,Porter1,IN
18129,Posey1,IN
18131,Pulaski4,IN
18133,Putnam4,IN
18135,Randolph5,IN
18137,Ripley1,IN
18139,Rush1,IN
18141,St. Joseph1,IN
18143,Scott3,IN
18145,Shelby3,IN
18147,Spencer1,IN
18149,Starke1,IN
18151,Steuben1,IN
18153,Sullivan1,IN
18155,Switzerland1,IN
18157,Tippecanoe1,IN
18159,Tipton1,IN
18161,Union5,IN
18163,Vanderburgh1,IN
18165,Vermillion1,IN
18167,Vigo1,IN
18169,Wabash2,IN
18171,Warren3,IN
18173,Warrick1,IN
18175,Washington8,IN
18177,Wayne3,IN
18179,Wells1,IN
18181,White4,IN
18183,Whitley1,IN
19000,Iowa1,IN
19001,Adair1,IA
19003,Adams5,IA
19005,Allamakee1,IA
19007,Appanoose1,IA
19009,Audubon1,IA
19011,Benton3,IA
19013,Black Hawk1,IA
19015,Boone4,IA
19017,Bremer1,IA
19019,Buchanan1,IA
19021,Buena Vista1,IA
19023,Butler2,IA
19025,Calhoun6,IA
19027,Carroll5,IA
19029,Cass3,IA
19031,Cedar1,IA
19033,Cerro Gordo1,IA
19035,Cherokee3,IA
19037,Chickasaw1,IA
19039,Clarke3,IA
19041,Clay7,IA
19043,Clayton2,IA
19045,Clinton3,IA
19047,Crawford5,IA
19049,Dallas3,IA
19051,Davis1,IA
19053,Decatur3,IA
19055,Delaware3,IA
19057,Des Moines1,IA
19059,Dickinson1,IA
19061,Dubuque1,IA
19063,Emmet1,IA
19065,Fayette5,IA
19067,Floyd3,IA
19069,Franklin8,IA
19071,Fremont3,IA
19073,Greene6,IA
19075,Grundy2,IA
19077,Guthrie1,IA
19079,Hamilton4,IA
19081,Hancock4,IA
19083,Hardin2,IA
19085,Harrison2,IA
19087,Henry5,IA
19089,Howard3,IA
19091,Humboldt2,IA
19093,Ida1,IA
19095,Iowa2,IA
19097,Jackson8,IA
19099,Jasper4,IA
19101,Jefferson9,IA
19103,Johnson5,IA
19105,Jones2,IA
19107,Keokuk1,IA
19109,Kossuth1,IA
19111,Lee6,IA
19113,Linn1,IA
19115,Louisa1,IA
19117,Lucas1,IA
19119,Lyon1,IA
19121,Madison8,IA
19123,Mahaska1,IA
19125,Marion7,IA
19127,Marshall4,IA
19129,Mills1,IA
19131,Mitchell2,IA
19133,Monona1,IA
19135,Monroe7,IA
19137,Montgomery6,IA
19139,Muscatine1,IA
19141,O'Brien1,IA
19143,Osceola2,IA
19145,Page1,IA
19147,Palo Alto1,IA
19149,Plymouth1,IA
19151,Pocahontas1,IA
19153,Polk4,IA
19155,Pottawattamie1,IA
19157,Poweshiek1,IA
19159,Ringgold1,IA
19161,Sac1,IA
19163,Scott4,IA
19165,Shelby4,IA
19167,Sioux1,IA
19169,Story1,IA
19171,Tama1,IA
19173,Taylor3,IA
19175,Union6,IA
19177,Van Buren2,IA
19179,Wapello1,IA
19181,Warren4,IA
19183,Washington9,IA
19185,Wayne4,IA
19187,Webster2,IA
19189,Winnebago2,IA
19191,Winneshiek1,IA
19193,Woodbury1,IA
19195,Worth2,IA
19197,Wright1,IA
20000,Kansas1,IA
20001,Allen2,KS
20003,Anderson1,KS
20005,Atchison1,KS
20007,Barber1,KS
20009,Barton1,KS
20011,Bourbon1,KS
20013,Brown3,KS
20015,Butler3,KS
20017,Chase1,KS
20019,Chautauqua1,KS
20021,Cherokee4,KS
20023,Cheyenne2,KS
20025,Clark5,KS
20027,Clay8,KS
20029,Cloud1,KS
20031,Coffey1,KS
20033,Comanche1,KS
20035,Cowley1,KS
20037,Crawford6,KS
20039,Decatur4,KS
20041,Dickinson2,KS
20043,Doniphan1,KS
20045,Douglas4,KS
20047,Edwards2,KS
20049,Elk1,KS
20051,Ellis1,KS
20053,Ellsworth1,KS
20055,Finney1,KS
20057,Ford2,KS
20059,Franklin9,KS
20061,Geary1,KS
20063,Gove1,KS
20065,Graham2,KS
20067,Grant3,KS
20069,Gray1,KS
20071,Greeley1,KS
20073,Greenwood1,KS
20075,Hamilton5,KS
20077,Harper1,KS
20079,Harvey1,KS
20081,Haskell1,KS
20083,Hodgeman1,KS
20085,Jackson9,KS
20087,Jefferson10,KS
20089,Jewell1,KS
20091,Johnson6,KS
20093,Kearny1,KS
20095,Kingman1,KS
20097,Kiowa2,KS
20099,Labette1,KS
20101,Lane1,KS
20103,Leavenworth1,KS
20105,Lincoln5,KS
20107,Linn2,KS
20109,Logan4,KS
20111,Lyon2,KS
20113,McPherson1,KS
20115,Marion8,KS
20117,Marshall5,KS
20119,Meade1,KS
20121,Miami2,KS
20123,Mitchell3,KS
20125,Montgomery7,KS
20127,Morris1,KS
20129,Morton1,KS
20131,Nemaha1,KS
20133,Neosho1,KS
20135,Ness1,KS
20137,Norton1,KS
20139,Osage1,KS
20141,Osborne1,KS
20143,Ottawa1,KS
20145,Pawnee1,KS
20147,Phillips3,KS
20149,Pottawatomie1,KS
20151,Pratt1,KS
20153,Rawlins1,KS
20155,Reno1,KS
20157,Republic1,KS
20159,Rice1,KS
20161,Riley1,KS
20163,Rooks1,KS
20165,Rush2,KS
20167,Russell2,KS
20169,Saline3,KS
20171,Scott5,KS
20173,Sedgwick2,KS
20175,Seward1,KS
20177,Shawnee1,KS
20179,Sheridan1,KS
20181,Sherman1,KS
20183,Smith1,KS
20185,Stafford1,KS
20187,Stanton1,KS
20189,Stevens1,KS
20191,Sumner1,KS
20193,Thomas2,KS
20195,Trego1,KS
20197,Wabaunsee1,KS
20199,Wallace1,KS
20201,Washington10,KS
20203,Wichita1,KS
20205,Wilson1,KS
20207,Woodson1,KS
20209,Wyandotte1,KS
21000,Kentucky1,KS
21001,Adair2,KY
21003,Allen3,KY
21005,Anderson2,KY
21007,Ballard1,KY
21009,Barren1,KY
21011,Bath1,KY
21013,Bell1,KY
21015,Boone5,KY
21017,Bourbon2,KY
21019,Boyd1,KY
21021,Boyle1,KY
21023,Bracken1,KY
21025,Breathitt1,KY
21027,Breckinridge1,KY
21029,Bullitt1,KY
21031,Butler4,KY
21033,Caldwell1,KY
21035,Calloway1,KY
21037,Campbell1,KY
21039,Carlisle1,KY
21041,Carroll6,KY
21043,Carter1,KY
21045,Casey1,KY
21047,Christian2,KY
21049,Clark6,KY
21051,Clay9,KY
21053,Clinton4,KY
21055,Crittenden2,KY
21057,Cumberland2,KY
21059,Daviess2,KY
21061,Edmonson1,KY
21063,Elliott1,KY
21065,Estill1,KY
21067,Fayette6,KY
21069,Fleming1,KY
21071,Floyd4,KY
21073,Franklin10,KY
21075,Fulton5,KY
21077,Gallatin2,KY
21079,Garrard1,KY
21081,Grant4,KY
21083,Graves1,KY
21085,Grayson1,KY
21087,Green1,KY
21089,Greenup1,KY
21091,Hancock5,KY
21093,Hardin3,KY
21095,Harlan1,KY
21097,Harrison3,KY
21099,Hart2,KY
21101,Henderson2,KY
21103,Henry6,KY
21105,Hickman1,KY
21107,Hopkins1,KY
21109,Jackson10,KY
21111,Jefferson11,KY
21113,Jessamine1,KY
21115,Johnson7,KY
21117,Kenton1,KY
21119,Knott1,KY
21121,Knox3,KY
21123,Larue1,KY
21125,Laurel1,KY
21127,Lawrence5,KY
21129,Lee7,KY
21131,Leslie1,KY
21133,Letcher1,KY
21135,Lewis2,KY
21137,Lincoln6,KY
21139,Livingston2,KY
21141,Logan5,KY
21143,Lyon3,KY
21145,McCracken1,KY
21147,McCreary1,KY
21149,McLean2,KY
21151,Madison9,KY
21153,Magoffin1,KY
21155,Marion9,KY
21157,Marshall6,KY
21159,Martin3,KY
21161,Mason2,KY
21163,Meade2,KY
21165,Menifee1,KY
21167,Mercer2,KY
21169,Metcalfe1,KY
21171,Monroe8,KY
21173,Montgomery8,KY
21175,Morgan6,KY
21177,Muhlenberg1,KY
21179,Nelson1,KY
21181,Nicholas1,KY
21183,Ohio2,KY
21185,Oldham1,KY
21187,Owen2,KY
21189,Owsley1,KY
21191,Pendleton1,KY
21193,Perry5,KY
21195,Pike6,KY
21197,Powell1,KY
21199,Pulaski5,KY
21201,Robertson1,KY
21203,Rockcastle1,KY
21205,Rowan1,KY
21207,Russell3,KY
21209,Scott6,KY
21211,Shelby5,KY
21213,Simpson1,KY
21215,Spencer2,KY
21217,Taylor4,KY
21219,Todd1,KY
21221,Trigg1,KY
21223,Trimble1,KY
21225,Union7,KY
21227,Warren5,KY
21229,Washington11,KY
21231,Wayne5,KY
21233,Webster3,KY
21235,Whitley2,KY
21237,Wolfe1,KY
21239,Woodford2,KY
22000,Louisiana1,KY
22001,Acadia1,LA
22003,Allen4,LA
22005,Ascension1,LA
22007,Assumption1,LA
22009,Avoyelles1,LA
22011,Beauregard1,LA
22013,Bienville1,LA
22015,Bossier1,LA
22017,Caddo1,LA
22019,Calcasieu1,LA
22021,Caldwell2,LA
22023,Cameron1,LA
22025,Catahoula1,LA
22027,Claiborne1,LA
22029,Concordia1,LA
22031,De Soto2,LA
22033,East Baton Rouge1,LA
22035,East Carroll1,LA
22037,East Feliciana1,LA
22039,Evangeline1,LA
22041,Franklin11,LA
22043,Grant5,LA
22045,Iberia1,LA
22047,Iberville1,LA
22049,Jackson11,LA
22051,Jefferson12,LA
22053,Jefferson Davis1,LA
22055,Lafayette3,LA
22057,Lafourche1,LA
22059,La Salle2,LA
22061,Lincoln7,LA
22063,Livingston3,LA
22065,Madison10,LA
22067,Morehouse1,LA
22069,Natchitoches1,LA
22071,Orleans1,LA
22073,Ouachita2,LA
22075,Plaquemines1,LA
22077,Pointe Coupee1,LA
22079,Rapides1,LA
22081,Red River1,LA
22083,Richland2,LA
22085,Sabine1,LA
22087,St. Bernard1,LA
22089,St. Charles1,LA
22091,St. Helena1,LA
22093,St. James1,LA
22095,St. John the Baptist1,LA
22097,St. Landry1,LA
22099,St. Martin1,LA
22101,St. Mary1,LA
22103,St. Tammany1,LA
22105,Tangipahoa1,LA
22107,Tensas1,LA
22109,Terrebonne1,LA
22111,Union8,LA
22113,Vermilion2,LA
22115,Vernon1,LA
22117,Washington12,LA
22119,Webster4,LA
22121,West Baton Rouge1,LA
22123,West Carroll1,LA
22125,West Feliciana1,LA
22127,Winn1,LA
23000,Maine1,LA
23001,Androscoggin1,ME
23003,Aroostook1,ME
23005,Cumberland3,ME
23007,Franklin12,ME
23009,Hancock6,ME
23011,Kennebec1,ME
23013,Knox4,ME
23015,Lincoln8,ME
23017,Oxford1,ME
23019,Penobscot1,ME
23021,Piscataquis1,ME
23023,Sagadahoc1,ME
23025,Somerset1,ME
23027,Waldo1,ME
23029,Washington13,ME
23031,York1,ME
24000,Maryland1,ME
24001,Allegany1,MD
24003,Anne Arundel1,MD
24005,Baltimore1,MD
24009,Calvert1,MD
24011,Caroline1,MD
24013,Carroll7,MD
24015,Cecil1,MD
24017,Charles1,MD
24019,Dorchester1,MD
24021,Frederick1,MD
24023,Garrett1,MD
24025,Harford1,MD
24027,Howard4,MD
24029,Kent2,MD
24031,Montgomery9,MD
24033,Prince George's1,MD
24035,Queen Anne's1,MD
24037,St. Mary's1,MD
24039,Somerset2,MD
24041,Talbot2,MD
24043,Washington14,MD
24045,Wicomico1,MD
24047,Worcester1,MD
24510,Baltimore city1,MD
25000,Massachusetts1,MD
25001,Barnstable1,MA
25003,Berkshire1,MA
25005,Bristol1,MA
25007,Dukes1,MA
25009,Essex1,MA
25011,Franklin13,MA
25013,Hampden1,MA
25015,Hampshire1,MA
25017,Middlesex2,MA
25019,Nantucket1,MA
25021,Norfolk1,MA
25023,Plymouth2,MA
25025,Suffolk1,MA
25027,Worcester2,MA
26000,Michigan1,MA
26001,Alcona1,MI
26003,Alger1,MI
26005,Allegan1,MI
26007,Alpena1,MI
26009,Antrim1,MI
26011,Arenac1,MI
26013,Baraga1,MI
26015,Barry1,MI
26017,Bay2,MI
26019,Benzie1,MI
26021,Berrien2,MI
26023,Branch1,MI
26025,Calhoun7,MI
26027,Cass4,MI
26029,Charlevoix1,MI
26031,Cheboygan1,MI
26033,Chippewa1,MI
26035,Clare1,MI
26037,Clinton5,MI
26039,Crawford7,MI
26041,Delta2,MI
26043,Dickinson3,MI
26045,Eaton1,MI
26047,Emmet2,MI
26049,Genesee1,MI
26051,Gladwin1,MI
26053,Gogebic1,MI
26055,Grand Traverse1,MI
26057,Gratiot1,MI
26059,Hillsdale1,MI
26061,Houghton1,MI
26063,Huron1,MI
26065,Ingham1,MI
26067,Ionia1,MI
26069,Iosco1,MI
26071,Iron1,MI
26073,Isabella1,MI
26075,Jackson12,MI
26077,Kalamazoo1,MI
26079,Kalkaska1,MI
26081,Kent3,MI
26083,Keweenaw1,MI
26085,Lake6,MI
26087,Lapeer1,MI
26089,Leelanau1,MI
26091,Lenawee1,MI
26093,Livingston4,MI
26095,Luce1,MI
26097,Mackinac1,MI
26099,Macomb1,MI
26101,Manistee1,MI
26103,Marquette1,MI
26105,Mason3,MI
26107,Mecosta1,MI
26109,Menominee1,MI
26111,Midland1,MI
26113,Missaukee1,MI
26115,Monroe9,MI
26117,Montcalm1,MI
26119,Montmorency1,MI
26121,Muskegon1,MI
26123,Newaygo1,MI
26125,Oakland1,MI
26127,Oceana1,MI
26129,Ogemaw1,MI
26131,Ontonagon1,MI
26133,Osceola3,MI
26135,Oscoda1,MI
26137,Otsego1,MI
26139,Ottawa2,MI
26141,Presque Isle1,MI
26143,Roscommon1,MI
26145,Saginaw1,MI
26147,St. Clair3,MI
26149,St. Joseph2,MI
26151,Sanilac1,MI
26153,Schoolcraft1,MI
26155,Shiawassee1,MI
26157,Tuscola1,MI
26159,Van Buren3,MI
26161,Washtenaw1,MI
26163,Wayne6,MI
26165,Wexford1,MI
27000,Minnesota1,MI
27001,Aitkin1,MN
27003,Anoka1,MN
27005,Becker1,MN
27007,Beltrami1,MN
27009,Benton4,MN
27011,Big Stone1,MN
27013,Blue Earth1,MN
27015,Brown4,MN
27017,Carlton1,MN
27019,Carver1,MN
27021,Cass5,MN
27023,Chippewa2,MN
27025,Chisago1,MN
27027,Clay10,MN
27029,Clearwater2,MN
27031,Cook3,MN
27033,Cottonwood1,MN
27035,Crow Wing1,MN
27037,Dakota1,MN
27039,Dodge2,MN
27041,Douglas5,MN
27043,Faribault1,MN
27045,Fillmore1,MN
27047,Freeborn1,MN
27049,Goodhue1,MN
27051,Grant6,MN
27053,Hennepin1,MN
27055,Houston3,MN
27057,Hubbard1,MN
27059,Isanti1,MN
27061,Itasca1,MN
27063,Jackson13,MN
27065,Kanabec1,MN
27067,Kandiyohi1,MN
27069,Kittson1,MN
27071,Koochiching1,MN
27073,Lac qui Parle1,MN
27075,Lake7,MN
27077,Lake of the Woods1,MN
27079,Le Sueur1,MN
27081,Lincoln9,MN
27083,Lyon4,MN
27085,McLeod1,MN
27087,Mahnomen1,MN
27089,Marshall7,MN
27091,Martin4,MN
27093,Meeker1,MN
27095,Mille Lacs1,MN
27097,Morrison1,MN
27099,Mower1,MN
27101,Murray2,MN
27103,Nicollet1,MN
27105,Nobles1,MN
27107,Norman1,MN
27109,Olmsted1,MN
27111,Otter Tail1,MN
27113,Pennington1,MN
27115,Pine1,MN
27117,Pipestone1,MN
27119,Polk5,MN
27121,Pope3,MN
27123,Ramsey1,MN
27125,Red Lake1,MN
27127,Redwood1,MN
27129,Renville1,MN
27131,Rice2,MN
27133,Rock1,MN
27135,Roseau1,MN
27137,St. Louis1,MN
27139,Scott7,MN
27141,Sherburne1,MN
27143,Sibley1,MN
27145,Stearns1,MN
27147,Steele1,MN
27149,Stevens2,MN
27151,Swift1,MN
27153,Todd2,MN
27155,Traverse1,MN
27157,Wabasha1,MN
27159,Wadena1,MN
27161,Waseca1,MN
27163,Washington15,MN
27165,Watonwan1,MN
27167,Wilkin1,MN
27169,Winona1,MN
27171,Wright2,MN
27173,Yellow Medicine1,MN
28000,Mississippi2,MN
28001,Adams6,MS
28003,Alcorn1,MS
28005,Amite1,MS
28007,Attala1,MS
28009,Benton5,MS
28011,Bolivar1,MS
28013,Calhoun8,MS
28015,Carroll8,MS
28017,Chickasaw2,MS
28019,Choctaw2,MS
28021,Claiborne2,MS
28023,Clarke4,MS
28025,Clay11,MS
28027,Coahoma1,MS
28029,Copiah1,MS
28031,Covington2,MS
28033,DeSoto1,FL
28035,Forrest1,MS
28037,Franklin14,MS
28039,George1,MS
28041,Greene7,MS
28043,Grenada1,MS
28045,Hancock7,MS
28047,Harrison4,MS
28049,Hinds1,MS
28051,Holmes2,MS
28053,Humphreys1,MS
28055,Issaquena1,MS
28057,Itawamba1,MS
28059,Jackson14,MS
28061,Jasper5,MS
28063,Jefferson13,MS
28065,Jefferson Davis2,MS
28067,Jones3,MS
28069,Kemper1,MS
28071,Lafayette4,MS
28073,Lamar3,MS
28075,Lauderdale2,MS
28077,Lawrence6,MS
28079,Leake1,MS
28081,Lee8,MS
28083,Leflore1,MS
28085,Lincoln10,MS
28087,Lowndes3,MS
28089,Madison11,MS
28091,Marion10,MS
28093,Marshall8,MS
28095,Monroe10,MS
28097,Montgomery10,MS
28099,Neshoba1,MS
28101,Newton4,MS
28103,Noxubee1,MS
28105,Oktibbeha1,MS
28107,Panola1,MS
28109,Pearl River1,MS
28111,Perry6,MS
28113,Pike7,MS
28115,Pontotoc1,MS
28117,Prentiss1,MS
28119,Quitman2,MS
28121,Rankin1,MS
28123,Scott8,MS
28125,Sharkey1,MS
28127,Simpson2,MS
28129,Smith2,MS
28131,Stone2,MS
28133,Sunflower1,MS
28135,Tallahatchie1,MS
28137,Tate1,MS
28139,Tippah1,MS
28141,Tishomingo1,MS
28143,Tunica1,MS
28145,Union9,MS
28147,Walthall1,MS
28149,Warren6,MS
28151,Washington16,MS
28153,Wayne7,MS
28155,Webster5,MS
28157,Wilkinson2,MS
28159,Winston2,MS
28161,Yalobusha1,MS
28163,Yazoo1,MS
29000,Missouri1,MS
29001,Adair3,MO
29003,Andrew1,MO
29005,Atchison2,MO
29007,Audrain1,MO
29009,Barry2,MO
29011,Barton2,MO
29013,Bates1,MO
29015,Benton6,MO
29017,Bollinger1,MO
29019,Boone6,MO
29021,Buchanan2,MO
29023,Butler5,MO
29025,Caldwell3,MO
29027,Callaway1,MO
29029,Camden2,MO
29031,Cape Girardeau1,MO
29033,Carroll9,MO
29035,Carter2,MO
29037,Cass6,MO
29039,Cedar2,MO
29041,Chariton1,MO
29043,Christian3,MO
29045,Clark7,MO
29047,Clay12,MO
29049,Clinton6,MO
29051,Cole1,MO
29053,Cooper1,MO
29055,Crawford8,MO
29057,Dade3,MO
29059,Dallas4,MO
29061,Daviess3,MO
29063,De Kalb4,MO
29065,Dent1,MO
29067,Douglas6,MO
29069,Dunklin1,MO
29071,Franklin15,MO
29073,Gasconade1,MO
29075,Gentry1,MO
29077,Greene8,MO
29079,Grundy3,MO
29081,Harrison5,MO
29083,Henry7,MO
29085,Hickory1,MO
29087,Holt1,MO
29089,Howard5,MO
29091,Howell1,MO
29093,Iron2,MO
29095,Jackson15,MO
29097,Jasper6,MO
29099,Jefferson14,MO
29101,Johnson8,MO
29103,Knox5,MO
29105,Laclede1,MO
29107,Lafayette5,MO
29109,Lawrence7,MO
29111,Lewis3,MO
29113,Lincoln11,MO
29115,Linn3,MO
29117,Livingston5,MO
29119,McDonald1,MO
29121,Macon4,MO
29123,Madison12,MO
29125,Maries1,MO
29127,Marion11,MO
29129,Mercer3,MO
29131,Miller3,MO
29133,Mississippi3,MO
29135,Moniteau1,MO
29137,Monroe11,MO
29139,Montgomery11,MO
29141,Morgan7,MO
29143,New Madrid1,MO
29145,Newton5,MO
29147,Nodaway1,MO
29149,Oregon1,MO
29151,Osage2,MO
29153,Ozark1,MO
29155,Pemiscot1,MO
29157,Perry7,MO
29159,Pettis1,MO
29161,Phelps1,MO
29163,Pike8,MO
29165,Platte1,MO
29167,Polk6,MO
29169,Pulaski6,MO
29171,Putnam5,MO
29173,Ralls1,MO
29175,Randolph6,MO
29177,Ray1,MO
29179,Reynolds1,MO
29181,Ripley2,MO
29183,St. Charles2,MO
29185,St. Clair4,MO
29186,Ste. Genevieve1,MO
29187,St. Francois1,MO
29189,St. Louis2,MO
29195,Saline4,MO
29197,Schuyler2,MO
29199,Scotland1,MO
29201,Scott9,MO
29203,Shannon1,MO
29205,Shelby6,MO
29207,Stoddard1,MO
29209,Stone3,MO
29211,Sullivan2,MO
29213,Taney1,MO
29215,Texas1,MO
29217,Vernon2,MO
29219,Warren7,MO
29221,Washington17,MO
29223,Wayne8,MO
29225,Webster6,MO
29227,Worth3,MO
29229,Wright3,MO
29510,St. Louis city1,MO
30000,Montana1,MO
30001,Beaverhead1,MT
30003,Big Horn1,MT
30005,Blaine2,MT
30007,Broadwater1,MT
30009,Carbon1,MT
30011,Carter3,MT
30013,Cascade1,MT
30015,Chouteau1,MT
30017,Custer3,MT
30019,Daniels1,MT
30021,Dawson2,MT
30023,Deer Lodge1,MT
30025,Fallon1,MT
30027,Fergus1,MT
30029,Flathead1,MT
30031,Gallatin3,MT
30033,Garfield2,MT
30035,Glacier1,MT
30037,Golden Valley1,MT
30039,Granite1,MT
30041,Hill1,MT
30043,Jefferson15,MT
30045,Judith Basin1,MT
30047,Lake8,MT
30049,Lewis and Clark1,MT
30051,Liberty3,MT
30053,Lincoln12,MT
30055,McCone1,MT
30057,Madison13,MT
30059,Meagher1,MT
30061,Mineral2,MT
30063,Missoula1,MT
30065,Musselshell1,MT
30067,Park2,MT
30069,Petroleum1,MT
30071,Phillips4,MT
30073,Pondera1,MT
30075,Powder River1,MT
30077,Powell2,MT
30079,Prairie2,MT
30081,Ravalli1,MT
30083,Richland3,MT
30085,Roosevelt1,MT
30087,Rosebud1,MT
30089,Sanders1,MT
30091,Sheridan2,MT
30093,Silver Bow1,MT
30095,Stillwater1,MT
30097,Sweet Grass1,MT
30099,Teton2,MT
30101,Toole1,MT
30103,Treasure1,MT
30105,Valley2,MT
30107,Wheatland1,MT
30109,Wibaux1,MT
30111,Yellowstone1,MT
30113,Yellowstone National Park1,MT
31000,Nebraska1,MT
31001,Adams7,NE
31003,Antelope1,NE
31005,Arthur1,NE
31007,Banner1,NE
31009,Blaine3,NE
31011,Boone7,NE
31013,Box Butte1,NE
31015,Boyd2,NE
31017,Brown5,NE
31019,Buffalo1,NE
31021,Burt1,NE
31023,Butler6,NE
31025,Cass7,NE
31027,Cedar3,NE
31029,Chase2,NE
31031,Cherry1,NE
31033,Cheyenne3,NE
31035,Clay13,NE
31037,Colfax1,NE
31039,Cuming1,NE
31041,Custer4,NE
31043,Dakota2,NE
31045,Dawes1,NE
31047,Dawson3,NE
31049,Deuel1,NE
31051,Dixon1,NE
31053,Dodge3,NE
31055,Douglas7,NE
31057,Dundy1,NE
31059,Fillmore2,NE
31061,Franklin16,NE
31063,Frontier1,NE
31065,Furnas1,NE
31067,Gage1,NE
31069,Garden1,NE
31071,Garfield3,NE
31073,Gosper1,NE
31075,Grant7,NE
31077,Greeley2,NE
31079,Hall2,NE
31081,Hamilton6,NE
31083,Harlan2,NE
31085,Hayes1,NE
31087,Hitchcock1,NE
31089,Holt2,NE
31091,Hooker1,NE
31093,Howard6,NE
31095,Jefferson16,NE
31097,Johnson9,NE
31099,Kearney1,NE
31101,Keith1,NE
31103,Keya Paha1,NE
31105,Kimball1,NE
31107,Knox6,NE
31109,Lancaster1,NE
31111,Lincoln13,NE
31113,Logan6,NE
31115,Loup1,NE
31117,McPherson2,NE
31119,Madison14,NE
31121,Merrick1,NE
31123,Morrill1,NE
31125,Nance1,NE
31127,Nemaha2,NE
31129,Nuckolls1,NE
31131,Otoe1,NE
31133,Pawnee2,NE
31135,Perkins1,NE
31137,Phelps2,NE
31139,Pierce2,NE
31141,Platte2,NE
31143,Polk7,NE
31145,Red Willow1,NE
31147,Richardson1,NE
31149,Rock2,NE
31151,Saline5,NE
31153,Sarpy1,NE
31155,Saunders1,NE
31157,Scotts Bluff1,NE
31159,Seward2,NE
31161,Sheridan3,NE
31163,Sherman2,NE
31165,Sioux2,NE
31167,Stanton2,NE
31169,Thayer1,NE
31171,Thomas3,NE
31173,Thurston1,NE
31175,Valley3,NE
31177,Washington18,NE
31179,Wayne9,NE
31181,Webster7,NE
31183,Wheeler2,NE
31185,York2,NE
32000,Nevada3,NE
32001,Churchill1,NV
32003,Clark8,NV
32005,Douglas8,NV
32007,Elko1,NV
32009,Esmeralda1,NV
32011,Eureka1,NV
32013,Humboldt3,NV
32015,Lander1,NV
32017,Lincoln14,NV
32019,Lyon5,NV
32021,Mineral3,NV
32023,Nye1,NV
32027,Pershing1,NV
32029,Storey1,NV
32031,Washoe1,NV
32033,White Pine1,NV
32510,Carson City1,NV
33000,New Hampshire1,NV
33001,Belknap1,NH
33003,Carroll10,NH
33005,Cheshire1,NH
33007,Coos1,NH
33009,Grafton1,NH
33011,Hillsborough2,NH
33013,Merrimack1,NH
33015,Rockingham1,NH
33017,Strafford1,NH
33019,Sullivan3,NH
34000,New Jersey1,NH
34001,Atlantic1,NJ
34003,Bergen1,NJ
34005,Burlington1,NJ
34007,Camden3,NJ
34009,Cape May1,NJ
34011,Cumberland4,NJ
34013,Essex2,NJ
34015,Gloucester1,NJ
34017,Hudson1,NJ
34019,Hunterdon1,NJ
34021,Mercer4,NJ
34023,Middlesex3,NJ
34025,Monmouth1,NJ
34027,Morris2,NJ
34029,Ocean1,NJ
34031,Passaic1,NJ
34033,Salem1,NJ
34035,Somerset3,NJ
34037,Sussex2,NJ
34039,Union10,NJ
34041,Warren8,NJ
35000,New Mexico1,NJ
35001,Bernalillo1,NM
35003,Catron1,NM
35005,Chaves1,NM
35006,Cibola1,NM
35007,Colfax2,NM
35009,Curry1,NM
35011,De Baca1,NM
35013,Dona Ana1,NM
35015,Eddy1,NM
35017,Grant8,NM
35019,Guadalupe1,NM
35021,Harding1,NM
35023,Hidalgo1,NM
35025,Lea1,NM
35027,Lincoln15,NM
35028,Los Alamos1,NM
35029,Luna1,NM
35031,McKinley1,NM
35033,Mora1,NM
35035,Otero2,NM
35037,Quay1,NM
35039,Rio Arriba1,NM
35041,Roosevelt2,NM
35043,Sandoval1,NM
35045,San Juan2,NM
35047,San Miguel2,NM
35049,Santa Fe1,NM
35051,Sierra2,NM
35053,Socorro1,NM
35055,Taos1,NM
35057,Torrance1,NM
35059,Union11,NM
35061,Valencia1,NM
36000,New York1,NM
36001,Albany1,NY
36003,Allegany2,NY
36005,Bronx1,NY
36007,Broome1,NY
36009,Cattaraugus1,NY
36011,Cayuga1,NY
36013,Chautauqua2,NY
36015,Chemung1,NY
36017,Chenango1,NY
36019,Clinton7,NY
36021,Columbia4,NY
36023,Cortland1,NY
36025,Delaware4,NY
36027,Dutchess1,NY
36029,Erie1,NY
36031,Essex3,NY
36033,Franklin17,NY
36035,Fulton6,NY
36037,Genesee2,NY
36039,Greene9,NY
36041,Hamilton7,NY
36043,Herkimer1,NY
36045,Jefferson17,NY
36047,Kings2,NY
36049,Lewis4,NY
36051,Livingston6,NY
36053,Madison15,NY
36055,Monroe12,NY
36057,Montgomery12,NY
36059,Nassau2,NY
36061,New York2,NY
36063,Niagara1,NY
36065,Oneida2,NY
36067,Onondaga1,NY
36069,Ontario1,NY
36071,Orange4,NY
36073,Orleans2,NY
36075,Oswego1,NY
36077,Otsego2,NY
36079,Putnam6,NY
36081,Queens1,NY
36083,Rensselaer1,NY
36085,Richmond2,NY
36087,Rockland1,NY
36089,St. Lawrence1,NY
36091,Saratoga1,NY
36093,Schenectady1,NY
36095,Schoharie1,NY
36097,Schuyler3,NY
36099,Seneca1,NY
36101,Steuben2,NY
36103,Suffolk2,NY
36105,Sullivan4,NY
36107,Tioga1,NY
36109,Tompkins1,NY
36111,Ulster1,NY
36113,Warren9,NY
36115,Washington19,NY
36117,Wayne10,NY
36119,Westchester1,NY
36121,Wyoming1,NY
36123,Yates1,NY
37000,North Carolina1,NY
37001,Alamance1,NC
37003,Alexander2,NC
37005,Alleghany1,NC
37007,Anson1,NC
37009,Ashe1,NC
37011,Avery1,NC
37013,Beaufort1,NC
37015,Bertie1,NC
37017,Bladen1,NC
37019,Brunswick1,NC
37021,Buncombe1,NC
37023,Burke2,NC
37025,Cabarrus1,NC
37027,Caldwell4,NC
37029,Camden4,NC
37031,Carteret1,NC
37033,Caswell1,NC
37035,Catawba1,NC
37037,Chatham2,NC
37039,Cherokee5,NC
37041,Chowan1,NC
37043,Clay14,NC
37045,Cleveland2,NC
37047,Columbus1,NC
37049,Craven1,NC
37051,Cumberland5,NC
37053,Currituck1,NC
37055,Dare1,NC
37057,Davidson1,NC
37059,Davie1,NC
37061,Duplin1,NC
37063,Durham1,NC
37065,Edgecombe1,NC
37067,Forsyth2,NC
37069,Franklin18,NC
37071,Gaston1,NC
37073,Gates1,NC
37075,Graham3,NC
37077,Granville1,NC
37079,Greene10,NC
37081,Guilford1,NC
37083,Halifax1,NC
37085,Harnett1,NC
37087,Haywood1,NC
37089,Henderson3,NC
37091,Hertford1,NC
37093,Hoke1,NC
37095,Hyde1,NC
37097,Iredell1,NC
37099,Jackson16,NC
37101,Johnston1,NC
37103,Jones4,NC
37105,Lee9,NC
37107,Lenoir1,NC
37109,Lincoln16,NC
37111,McDowell1,NC
37113,Macon5,NC
37115,Madison16,NC
37117,Martin5,NC
37119,Mecklenburg1,NC
37121,Mitchell4,NC
37123,Montgomery13,NC
37125,Moore1,NC
37127,Nash1,NC
37129,New Hanover1,NC
37131,Northampton1,NC
37133,Onslow1,NC
37135,Orange5,NC
37137,Pamlico1,NC
37139,Pasquotank1,NC
37141,Pender1,NC
37143,Perquimans1,NC
37145,Person1,NC
37147,Pitt1,NC
37149,Polk8,NC
37151,Randolph7,NC
37153,Richmond3,NC
37155,Robeson1,NC
37157,Rockingham2,NC
37159,Rowan2,NC
37161,Rutherford1,NC
37163,Sampson1,NC
37165,Scotland2,NC
37167,Stanly1,NC
37169,Stokes1,NC
37171,Surry1,NC
37173,Swain1,NC
37175,Transylvania1,NC
37177,Tyrrell1,NC
37179,Union12,NC
37181,Vance1,NC
37183,Wake1,NC
37185,Warren10,NC
37187,Washington20,NC
37189,Watauga1,NC
37191,Wayne11,NC
37193,Wilkes2,NC
37195,Wilson2,NC
37197,Yadkin1,NC
37199,Yancey1,NC
38000,North Dakota1,NC
38001,Adams8,ND
38003,Barnes1,ND
38005,Benson1,ND
38007,Billings1,ND
38009,Bottineau1,ND
38011,Bowman1,ND
38013,Burke3,ND
38015,Burleigh1,ND
38017,Cass8,ND
38019,Cavalier1,ND
38021,Dickey1,ND
38023,Divide1,ND
38025,Dunn1,ND
38027,Eddy2,ND
38029,Emmons1,ND
38031,Foster1,ND
38033,Golden Valley2,ND
38035,Grand Forks1,ND
38037,Grant9,ND
38039,Griggs1,ND
38041,Hettinger1,ND
38043,Kidder1,ND
38045,La Moure1,ND
38047,Logan7,ND
38049,McHenry2,ND
38051,McIntosh2,ND
38053,McKenzie1,ND
38055,McLean3,ND
38057,Mercer5,ND
38059,Morton2,ND
38061,Mountrail1,ND
38063,Nelson2,ND
38065,Oliver1,ND
38067,Pembina1,ND
38069,Pierce3,ND
38071,Ramsey2,ND
38073,Ransom1,ND
38075,Renville2,ND
38077,Richland4,ND
38079,Rolette1,ND
38081,Sargent1,ND
38083,Sheridan4,ND
38085,Sioux3,ND
38087,Slope1,ND
38089,Stark2,ND
38091,Steele2,ND
38093,Stutsman1,ND
38095,Towner1,ND
38097,Traill1,ND
38099,Walsh1,ND
38101,Ward1,ND
38103,Wells2,ND
38105,Williams1,ND
39000,Ohio3,ND
39001,Adams9,OH
39003,Allen5,OH
39005,Ashland1,OH
39007,Ashtabula1,OH
39009,Athens1,OH
39011,Auglaize1,OH
39013,Belmont1,OH
39015,Brown6,OH
39017,Butler7,OH
39019,Carroll11,OH
39021,Champaign2,OH
39023,Clark9,OH
39025,Clermont1,OH
39027,Clinton8,OH
39029,Columbiana1,OH
39031,Coshocton1,OH
39033,Crawford9,OH
39035,Cuyahoga1,OH
39037,Darke1,OH
39039,Defiance1,OH
39041,Delaware5,OH
39043,Erie2,OH
39045,Fairfield2,OH
39047,Fayette7,OH
39049,Franklin19,OH
39051,Fulton7,OH
39053,Gallia1,OH
39055,Geauga1,OH
39057,Greene11,OH
39059,Guernsey1,OH
39061,Hamilton8,OH
39063,Hancock8,OH
39065,Hardin4,OH
39067,Harrison6,OH
39069,Henry8,OH
39071,Highland1,OH
39073,Hocking1,OH
39075,Holmes3,OH
39077,Huron2,OH
39079,Jackson17,OH
39081,Jefferson18,OH
39083,Knox7,OH
39085,Lake9,OH
39087,Lawrence8,OH
39089,Licking1,OH
39091,Logan8,OH
39093,Lorain1,OH
39095,Lucas2,OH
39097,Madison17,OH
39099,Mahoning1,OH
39101,Marion12,OH
39103,Medina1,OH
39105,Meigs1,OH
39107,Mercer6,OH
39109,Miami3,OH
39111,Monroe13,OH
39113,Montgomery14,OH
39115,Morgan8,OH
39117,Morrow1,OH
39119,Muskingum1,OH
39121,Noble2,OH
39123,Ottawa3,OH
39125,Paulding2,OH
39127,Perry8,OH
39129,Pickaway1,OH
39131,Pike9,OH
39133,Portage1,OH
39135,Preble1,OH
39137,Putnam7,OH
39139,Richland5,OH
39141,Ross1,OH
39143,Sandusky1,OH
39145,Scioto1,OH
39147,Seneca2,OH
39149,Shelby7,OH
39151,Stark3,OH
39153,Summit2,OH
39155,Trumbull1,OH
39157,Tuscarawas1,OH
39159,Union13,OH
39161,Van Wert1,OH
39163,Vinton1,OH
39165,Warren11,OH
39167,Washington21,OH
39169,Wayne12,OH
39171,Williams2,OH
39173,Wood1,OH
39175,Wyandot1,OH
40000,Oklahoma1,OH
40001,Adair4,OK
40003,Alfalfa1,OK
40005,Atoka1,OK
40007,Beaver1,OK
40009,Beckham1,OK
40011,Blaine4,OK
40013,Bryan2,OK
40015,Caddo2,OK
40017,Canadian1,OK
40019,Carter4,OK
40021,Cherokee6,OK
40023,Choctaw3,OK
40025,Cimarron1,OK
40027,Cleveland3,OK
40029,Coal1,OK
40031,Comanche2,OK
40033,Cotton1,OK
40035,Craig1,OK
40037,Creek1,OK
40039,Custer5,OK
40041,Delaware6,OK
40043,Dewey1,OK
40045,Ellis2,OK
40047,Garfield4,OK
40049,Garvin1,OK
40051,Grady2,OK
40053,Grant10,OK
40055,Greer1,OK
40057,Harmon1,OK
40059,Harper2,OK
40061,Haskell2,OK
40063,Hughes1,OK
40065,Jackson18,OK
40067,Jefferson19,OK
40069,Johnston2,OK
40071,Kay1,OK
40073,Kingfisher1,OK
40075,Kiowa3,OK
40077,Latimer1,OK
40079,Le Flore1,OK
40081,Lincoln17,OK
40083,Logan9,OK
40085,Love1,OK
40087,McClain1,OK
40089,McCurtain1,OK
40091,McIntosh3,OK
40093,Major1,OK
40095,Marshall9,OK
40097,Mayes1,OK
40099,Murray3,OK
40101,Muskogee1,OK
40103,Noble3,OK
40105,Nowata1,OK
40107,Okfuskee1,OK
40109,Oklahoma2,OK
40111,Okmulgee1,OK
40113,Osage3,OK
40115,Ottawa4,OK
40117,Pawnee3,OK
40119,Payne1,OK
40121,Pittsburg1,OK
40123,Pontotoc2,OK
40125,Pottawatomie2,OK
40127,Pushmataha1,OK
40129,Roger Mills1,OK
40131,Rogers1,OK
40133,Seminole3,OK
40135,Sequoyah1,OK
40137,Stephens2,OK
40139,Texas2,OK
40141,Tillman1,OK
40143,Tulsa1,OK
40145,Wagoner1,OK
40147,Washington22,OK
40149,Washita1,OK
40151,Woods1,OK
40153,Woodward1,OK
41000,Oregon2,OK
41001,Baker3,OR
41003,Benton7,OR
41005,Clackamas1,OR
41007,Clatsop1,OR
41009,Columbia5,OR
41011,Coos2,OR
41013,Crook1,OR
41015,Curry2,OR
41017,Deschutes1,OR
41019,Douglas9,OR
41021,Gilliam1,OR
41023,Grant11,OR
41025,Harney1,OR
41027,Hood River1,OR
41029,Jackson19,OR
41031,Jefferson20,OR
41033,Josephine1,OR
41035,Klamath1,OR
41037,Lake10,OR
41039,Lane2,OR
41041,Lincoln18,OR
41043,Linn4,OR
41045,Malheur1,OR
41047,Marion13,OR
41049,Morrow2,OR
41051,Multnomah1,OR
41053,Polk9,OR
41055,Sherman3,OR
41057,Tillamook1,OR
41059,Umatilla1,OR
41061,Union14,OR
41063,Wallowa1,OR
41065,Wasco1,OR
41067,Washington23,OR
41069,Wheeler3,OR
41071,Yamhill1,OR
42000,Pennsylvania1,OR
42001,Adams10,PA
42003,Allegheny1,PA
42005,Armstrong1,PA
42007,Beaver2,PA
42009,Bedford1,PA
42011,Berks1,PA
42013,Blair1,PA
42015,Bradford2,PA
42017,Bucks1,PA
42019,Butler8,PA
42021,Cambria1,PA
42023,Cameron2,PA
42025,Carbon2,PA
42027,Centre1,PA
42029,Chester1,PA
42031,Clarion1,PA
42033,Clearfield1,PA
42035,Clinton9,PA
42037,Columbia6,PA
42039,Crawford10,PA
42041,Cumberland6,PA
42043,Dauphin1,PA
42045,Delaware7,PA
42047,Elk2,PA
42049,Erie3,PA
42051,Fayette8,PA
42053,Forest1,PA
42055,Franklin20,PA
42057,Fulton8,PA
42059,Greene12,PA
42061,Huntingdon1,PA
42063,Indiana2,PA
42065,Jefferson21,PA
42067,Juniata1,PA
42069,Lackawanna1,PA
42071,Lancaster2,PA
42073,Lawrence9,PA
42075,Lebanon1,PA
42077,Lehigh1,PA
42079,Luzerne1,PA
42081,Lycoming1,PA
42083,McKean1,PA
42085,Mercer7,PA
42087,Mifflin1,PA
42089,Monroe14,PA
42091,Montgomery15,PA
42093,Montour1,PA
42095,Northampton2,PA
42097,Northumberland1,PA
42099,Perry9,PA
42101,Philadelphia1,PA
42103,Pike10,PA
42105,Potter1,PA
42107,Schuylkill1,PA
42109,Snyder1,PA
42111,Somerset4,PA
42113,Sullivan5,PA
42115,Susquehanna1,PA
42117,Tioga2,PA
42119,Union15,PA
42121,Venango1,PA
42123,Warren12,PA
42125,Washington24,PA
42127,Wayne13,PA
42129,Westmoreland1,PA
42131,Wyoming2,PA
42133,York3,PA
44000,Rhode Island1,PA
44001,Bristol2,RI
44003,Kent4,RI
44005,Newport1,RI
44007,Providence1,RI
44009,Washington25,RI
45000,South Carolina1,RI
45001,Abbeville1,SC
45003,Aiken1,SC
45005,Allendale1,SC
45007,Anderson3,SC
45009,Bamberg1,SC
45011,Barnwell1,SC
45013,Beaufort2,SC
45015,Berkeley1,SC
45017,Calhoun9,SC
45019,Charleston1,SC
45021,Cherokee7,SC
45023,Chester2,SC
45025,Chesterfield1,SC
45027,Clarendon1,SC
45029,Colleton1,SC
45031,Darlington1,SC
45033,Dillon1,SC
45035,Dorchester2,SC
45037,Edgefield1,SC
45039,Fairfield3,SC
45041,Florence1,SC
45043,Georgetown1,SC
45045,Greenville1,SC
45047,Greenwood2,SC
45049,Hampton1,SC
45051,Horry1,SC
45053,Jasper7,SC
45055,Kershaw1,SC
45057,Lancaster3,SC
45059,Laurens2,SC
45061,Lee10,SC
45063,Lexington1,SC
45065,McCormick1,SC
45067,Marion14,SC
45069,Marlboro1,SC
45071,Newberry1,SC
45073,Oconee2,SC
45075,Orangeburg1,SC
45077,Pickens3,SC
45079,Richland6,SC
45081,Saluda1,SC
45083,Spartanburg1,SC
45085,Sumter4,SC
45087,Union16,SC
45089,Williamsburg1,SC
45091,York4,SC
46000,South Dakota1,SC
46003,Aurora1,SD
46005,Beadle1,SD
46007,Bennett1,SD
46009,Bon Homme1,SD
46011,Brookings1,SD
46013,Brown7,SD
46015,Brule1,SD
46017,Buffalo2,SD
46019,Butte3,SD
46021,Campbell2,SD
46023,Charles Mix1,SD
46025,Clark10,SD
46027,Clay15,SD
46029,Codington1,SD
46031,Corson1,SD
46033,Custer6,SD
46035,Davison1,SD
46037,Day1,SD
46039,Deuel2,SD
46041,Dewey2,SD
46043,Douglas10,SD
46045,Edmunds1,SD
46047,Fall River1,SD
46049,Faulk1,SD
46051,Grant12,SD
46053,Gregory1,SD
46055,Haakon1,SD
46057,Hamlin1,SD
46059,Hand1,SD
46061,Hanson1,SD
46063,Harding2,SD
46065,Hughes2,SD
46067,Hutchinson1,SD
46069,Hyde2,SD
46071,Jackson20,SD
46073,Jerauld1,SD
46075,Jones5,SD
46077,Kingsbury1,SD
46079,Lake11,SD
46081,Lawrence10,SD
46083,Lincoln19,SD
46085,Lyman1,SD
46087,McCook1,SD
46089,McPherson3,SD
46091,Marshall10,SD
46093,Meade3,SD
46095,Mellette1,SD
46097,Miner1,SD
46099,Minnehaha1,SD
46101,Moody1,SD
46103,Pennington2,SD
46105,Perkins2,SD
46107,Potter2,SD
46109,Roberts1,SD
46111,Sanborn1,SD
46113,Shannon2,SD
46115,Spink1,SD
46117,Stanley1,SD
46119,Sully1,SD
46121,Todd3,SD
46123,Tripp1,SD
46125,Turner2,SD
46127,Union17,SD
46129,Walworth1,SD
46135,Yankton1,SD
46137,Ziebach1,SD
47000,Tennessee1,SD
47001,Anderson4,TN
47003,Bedford2,TN
47005,Benton8,TN
47007,Bledsoe1,TN
47009,Blount2,TN
47011,Bradley2,TN
47013,Campbell3,TN
47015,Cannon1,TN
47017,Carroll12,TN
47019,Carter5,TN
47021,Cheatham1,TN
47023,Chester3,TN
47025,Claiborne3,TN
47027,Clay16,TN
47029,Cocke1,TN
47031,Coffee3,TN
47033,Crockett1,TN
47035,Cumberland7,TN
47037,Davidson2,TN
47039,Decatur5,TN
47041,DeKalb2,GA
47043,Dickson1,TN
47045,Dyer1,TN
47047,Fayette9,TN
47049,Fentress1,TN
47051,Franklin21,TN
47053,Gibson2,TN
47055,Giles1,TN
47057,Grainger1,TN
47059,Greene13,TN
47061,Grundy4,TN
47063,Hamblen1,TN
47065,Hamilton9,TN
47067,Hancock9,TN
47069,Hardeman1,TN
47071,Hardin5,TN
47073,Hawkins1,TN
47075,Haywood2,TN
47077,Henderson4,TN
47079,Henry9,TN
47081,Hickman2,TN
47083,Houston4,TN
47085,Humphreys2,TN
47087,Jackson21,TN
47089,Jefferson22,TN
47091,Johnson10,TN
47093,Knox8,TN
47095,Lake12,TN
47097,Lauderdale3,TN
47099,Lawrence11,TN
47101,Lewis5,TN
47103,Lincoln20,TN
47105,Loudon1,TN
47107,McMinn1,TN
47109,McNairy1,TN
47111,Macon6,TN
47113,Madison18,TN
47115,Marion15,TN
47117,Marshall11,TN
47119,Maury1,TN
47121,Meigs2,TN
47123,Monroe15,TN
47125,Montgomery16,TN
47127,Moore2,TN
47129,Morgan9,TN
47131,Obion1,TN
47133,Overton1,TN
47135,Perry10,TN
47137,Pickett1,TN
47139,Polk10,TN
47141,Putnam8,TN
47143,Rhea1,TN
47145,Roane1,TN
47147,Robertson2,TN
47149,Rutherford2,TN
47151,Scott10,TN
47153,Sequatchie1,TN
47155,Sevier2,TN
47157,Shelby8,TN
47159,Smith3,TN
47161,Stewart2,TN
47163,Sullivan6,TN
47165,Sumner2,TN
47167,Tipton2,TN
47169,Trousdale1,TN
47171,Unicoi1,TN
47173,Union18,TN
47175,Van Buren4,TN
47177,Warren13,TN
47179,Washington26,TN
47181,Wayne14,TN
47183,Weakley1,TN
47185,White5,TN
47187,Williamson2,TN
47189,Wilson3,TN
48000,Texas3,TN
48001,Anderson5,TX
48003,Andrews1,TX
48005,Angelina1,TX
48007,Aransas1,TX
48009,Archer1,TX
48011,Armstrong2,TX
48013,Atascosa1,TX
48015,Austin1,TX
48017,Bailey1,TX
48019,Bandera1,TX
48021,Bastrop1,TX
48023,Baylor1,TX
48025,Bee1,TX
48027,Bell2,TX
48029,Bexar1,TX
48031,Blanco1,TX
48033,Borden1,TX
48035,Bosque1,TX
48037,Bowie1,TX
48039,Brazoria1,TX
48041,Brazos1,TX
48043,Brewster1,TX
48045,Briscoe1,TX
48047,Brooks2,TX
48049,Brown8,TX
48051,Burleson1,TX
48053,Burnet1,TX
48055,Caldwell5,TX
48057,Calhoun10,TX
48059,Callahan1,TX
48061,Cameron3,TX
48063,Camp1,TX
48065,Carson1,NV
48067,Cass9,TX
48069,Castro1,TX
48071,Chambers2,TX
48073,Cherokee8,TX
48075,Childress1,TX
48077,Clay17,TX
48079,Cochran1,TX
48081,Coke1,TX
48083,Coleman1,TX
48085,Collin1,TX
48087,Collingsworth1,TX
48089,Colorado2,TX
48091,Comal1,TX
48093,Comanche3,TX
48095,Concho1,TX
48097,Cooke1,TX
48099,Coryell1,TX
48101,Cottle1,TX
48103,Crane1,TX
48105,Crockett2,TX
48107,Crosby1,TX
48109,Culberson1,TX
48111,Dallam1,TX
48113,Dallas5,TX
48115,Dawson4,TX
48117,Deaf Smith1,TX
48119,Delta3,TX
48121,Denton1,TX
48123,De Witt2,TX
48125,Dickens1,TX
48127,Dimmit1,TX
48129,Donley1,TX
48131,Duval2,TX
48133,Eastland1,TX
48135,Ector1,TX
48137,Edwards3,TX
48139,Ellis3,TX
48141,El Paso2,TX
48143,Erath1,TX
48145,Falls1,TX
48147,Fannin2,TX
48149,Fayette10,TX
48151,Fisher1,TX
48153,Floyd5,TX
48155,Foard1,TX
48157,Fort Bend1,TX
48159,Franklin22,TX
48161,Freestone1,TX
48163,Frio1,TX
48165,Gaines1,TX
48167,Galveston1,TX
48169,Garza1,TX
48171,Gillespie1,TX
48173,Glasscock1,TX
48175,Goliad1,TX
48177,Gonzales1,TX
48179,Gray2,TX
48181,Grayson2,TX
48183,Gregg1,TX
48185,Grimes1,TX
48187,Guadalupe2,TX
48189,Hale2,TX
48191,Hall3,TX
48193,Hamilton10,TX
48195,Hansford1,TX
48197,Hardeman2,TX
48199,Hardin6,TX
48201,Harris2,TX
48203,Harrison7,TX
48205,Hartley1,TX
48207,Haskell3,TX
48209,Hays1,TX
48211,Hemphill1,TX
48213,Henderson5,TX
48215,Hidalgo2,TX
48217,Hill2,TX
48219,Hockley1,TX
48221,Hood1,TX
48223,Hopkins2,TX
48225,Houston5,TX
48227,Howard7,TX
48229,Hudspeth1,TX
48231,Hunt1,TX
48233,Hutchinson2,TX
48235,Irion1,TX
48237,Jack1,TX
48239,Jackson22,TX
48241,Jasper8,TX
48243,Jeff Davis2,TX
48245,Jefferson23,TX
48247,Jim Hogg1,TX
48249,Jim Wells1,TX
48251,Johnson11,TX
48253,Jones6,TX
48255,Karnes1,TX
48257,Kaufman1,TX
48259,Kendall2,TX
48261,Kenedy1,TX
48263,Kent5,TX
48265,Kerr1,TX
48267,Kimble1,TX
48269,King1,TX
48271,Kinney1,TX
48273,Kleberg1,TX
48275,Knox9,TX
48277,Lamar4,TX
48279,Lamb1,TX
48281,Lampasas1,TX
48283,La Salle3,TX
48285,Lavaca1,TX
48287,Lee11,TX
48289,Leon2,TX
48291,Liberty4,TX
48293,Limestone2,TX
48295,Lipscomb1,TX
48297,Live Oak1,TX
48299,Llano1,TX
48301,Loving1,TX
48303,Lubbock1,TX
48305,Lynn1,TX
48307,McCulloch1,TX
48309,McLennan1,TX
48311,McMullen1,TX
48313,Madison19,TX
48315,Marion16,TX
48317,Martin6,TX
48319,Mason4,TX
48321,Matagorda1,TX
48323,Maverick1,TX
48325,Medina2,TX
48327,Menard2,TX
48329,Midland2,TX
48331,Milam1,TX
48333,Mills2,TX
48335,Mitchell5,TX
48337,Montague1,TX
48339,Montgomery17,TX
48341,Moore3,TX
48343,Morris3,TX
48345,Motley1,TX
48347,Nacogdoches1,TX
48349,Navarro1,TX
48351,Newton6,TX
48353,Nolan1,TX
48355,Nueces1,TX
48357,Ochiltree1,TX
48359,Oldham2,TX
48361,Orange6,TX
48363,Palo Pinto1,TX
48365,Panola2,TX
48367,Parker1,TX
48369,Parmer1,TX
48371,Pecos1,TX
48373,Polk11,TX
48375,Potter3,TX
48377,Presidio1,TX
48379,Rains1,TX
48381,Randall1,TX
48383,Reagan1,TX
48385,Real1,TX
48387,Red River2,TX
48389,Reeves1,TX
48391,Refugio1,TX
48393,Roberts2,TX
48395,Robertson3,TX
48397,Rockwall1,TX
48399,Runnels1,TX
48401,Rusk1,TX
48403,Sabine2,TX
48405,San Augustine1,TX
48407,San Jacinto1,TX
48409,San Patricio1,TX
48411,San Saba1,TX
48413,Schleicher1,TX
48415,Scurry1,TX
48417,Shackelford1,TX
48419,Shelby9,TX
48421,Sherman4,TX
48423,Smith4,TX
48425,Somervell1,TX
48427,Starr1,TX
48429,Stephens3,TX
48431,Sterling1,TX
48433,Stonewall1,TX
48435,Sutton1,TX
48437,Swisher1,TX
48439,Tarrant1,TX
48441,Taylor5,TX
48443,Terrell2,TX
48445,Terry1,TX
48447,Throckmorton1,TX
48449,Titus1,TX
48451,Tom Green1,TX
48453,Travis1,TX
48455,Trinity2,TX
48457,Tyler1,TX
48459,Upshur1,TX
48461,Upton1,TX
48463,Uvalde1,TX
48465,Val Verde1,TX
48467,Van Zandt1,TX
48469,Victoria1,TX
48471,Walker3,TX
48473,Waller1,TX
48475,Ward2,TX
48477,Washington27,TX
48479,Webb1,TX
48481,Wharton1,TX
48483,Wheeler4,TX
48485,Wichita2,TX
48487,Wilbarger1,TX
48489,Willacy1,TX
48491,Williamson3,TX
48493,Wilson4,TX
48495,Winkler1,TX
48497,Wise1,TX
48499,Wood2,TX
48501,Yoakum1,TX
48503,Young1,TX
48505,Zapata1,TX
48507,Zavala1,TX
49000,Utah1,TX
49001,Beaver3,UT
49003,Box Elder1,UT
49005,Cache1,UT
49007,Carbon3,UT
49009,Daggett1,UT
49011,Davis2,UT
49013,Duchesne1,UT
49015,Emery1,UT
49017,Garfield5,UT
49019,Grand2,UT
49021,Iron3,UT
49023,Juab1,UT
49025,Kane2,UT
49027,Millard1,UT
49029,Morgan10,UT
49031,Piute1,UT
49033,Rich1,UT
49035,Salt Lake1,UT
49037,San Juan3,UT
49039,Sanpete1,UT
49041,Sevier3,UT
49043,Summit3,UT
49045,Tooele1,UT
49047,Uintah1,UT
49049,Utah2,UT
49051,Wasatch1,UT
49053,Washington28,UT
49055,Wayne15,UT
49057,Weber1,UT
50000,Vermont1,UT
50001,Addison1,VT
50003,Bennington1,VT
50005,Caledonia1,VT
50007,Chittenden1,VT
50009,Essex4,VT
50011,Franklin23,VT
50013,Grand Isle1,VT
50015,Lamoille1,VT
50017,Orange7,VT
50019,Orleans3,VT
50021,Rutland1,VT
50023,Washington29,VT
50025,Windham2,VT
50027,Windsor1,VT
51000,Virginia1,VT
51001,Accomack1,VA
51003,Albemarle1,VA
51005,Alleghany2,VA
51007,Amelia1,VA
51009,Amherst1,VA
51011,Appomattox1,VA
51013,Arlington1,VA
51015,Augusta1,VA
51017,Bath2,VA
51019,Bedford3,VA
51021,Bland1,VA
51023,Botetourt1,VA
51025,Brunswick2,VA
51027,Buchanan3,VA
51029,Buckingham1,VA
51031,Campbell4,VA
51033,Caroline2,VA
51035,Carroll13,VA
51036,Charles City1,VA
51037,Charlotte2,VA
51041,Chesterfield2,VA
51043,Clarke5,VA
51045,Craig2,VA
51047,Culpeper1,VA
51049,Cumberland8,VA
51051,Dickenson1,VA
51053,Dinwiddie1,VA
51057,Essex5,VA
51059,Fairfax1,VA
51061,Fauquier1,VA
51063,Floyd6,VA
51065,Fluvanna1,VA
51067,Franklin24,VA
51069,Frederick2,VA
51071,Giles2,VA
51073,Gloucester2,VA
51075,Goochland1,VA
51077,Grayson3,VA
51079,Greene14,VA
51081,Greensville1,VA
51083,Halifax2,VA
51085,Hanover1,VA
51087,Henrico1,VA
51089,Henry10,VA
51091,Highland2,VA
51093,Isle of Wight1,VA
51095,James City1,VA
51097,King and Queen1,VA
51099,King George1,VA
51101,King William1,VA
51103,Lancaster4,VA
51105,Lee12,VA
51107,Loudoun1,VA
51109,Louisa2,VA
51111,Lunenburg1,VA
51113,Madison20,VA
51115,Mathews1,VA
51117,Mecklenburg2,VA
51119,Middlesex4,VA
51121,Montgomery18,VA
51125,Nelson3,VA
51127,New Kent1,VA
51131,Northampton3,VA
51133,Northumberland2,VA
51135,Nottoway1,VA
51137,Orange8,VA
51139,Page2,VA
51141,Patrick1,VA
51143,Pittsylvania1,VA
51145,Powhatan1,VA
51147,Prince Edward1,VA
51149,Prince George1,VA
51153,Prince William1,VA
51155,Pulaski7,VA
51157,Rappahannock1,VA
51159,Richmond4,VA
51161,Roanoke1,VA
51163,Rockbridge1,VA
51165,Rockingham3,VA
51167,Russell4,VA
51169,Scott11,VA
51171,Shenandoah1,VA
51173,Smyth1,VA
51175,Southampton1,VA
51177,Spotsylvania1,VA
51179,Stafford2,VA
51181,Surry2,VA
51183,Sussex3,VA
51185,Tazewell2,VA
51187,Warren14,VA
51191,Washington30,VA
51193,Westmoreland2,VA
51195,Wise2,VA
51197,Wythe1,VA
51199,York5,VA
51510,Alexandria1,VA
51515,Bedford4,VA
51520,Bristol3,VA
51530,Buena Vista2,VA
51540,Charlottesville1,VA
51550,Chesapeake1,VA
51560,Clifton Forge1,VA
51570,Colonial Heights1,VA
51580,Covington3,VA
51590,Danville1,VA
51595,Emporia1,VA
51600,Fairfax2,VA
51610,Falls Church1,VA
51620,Franklin25,VA
51630,Fredericksburg1,VA
51640,Galax1,VA
51650,Hampton2,VA
51660,Harrisonburg1,VA
51670,Hopewell1,VA
51678,Lexington2,VA
51680,Lynchburg1,VA
51683,Manassas1,VA
51685,Manassas Park1,VA
51690,Martinsville1,VA
51700,Newport News1,VA
51710,Norfolk2,VA
51720,Norton2,VA
51730,Petersburg1,AK
51735,Poquoson1,VA
51740,Portsmouth1,VA
51750,Radford1,VA
51760,Richmond5,VA
51770,Roanoke2,VA
51775,Salem2,VA
51780,South Boston1,VA
51790,Staunton1,VA
51800,Suffolk3,VA
51810,Virginia Beach1,VA
51820,Waynesboro1,VA
51830,Williamsburg2,VA
51840,Winchester1,VA
53000,Washington31,VA
53001,Adams11,WA
53003,Asotin1,WA
53005,Benton9,WA
53007,Chelan1,WA
53009,Clallam1,WA
53011,Clark11,WA
53013,Columbia7,WA
53015,Cowlitz1,WA
53017,Douglas11,WA
53019,Ferry1,WA
53021,Franklin26,WA
53023,Garfield6,WA
53025,Grant13,WA
53027,Grays Harbor1,WA
53029,Island1,WA
53031,Jefferson24,WA
53033,King2,WA
53035,Kitsap1,WA
53037,Kittitas1,WA
53039,Klickitat1,WA
53041,Lewis6,WA
53043,Lincoln21,WA
53045,Mason5,WA
53047,Okanogan1,WA
53049,Pacific1,WA
53051,Pend Oreille1,WA
53053,Pierce4,WA
53055,San Juan4,WA
53057,Skagit1,WA
53059,Skamania1,WA
53061,Snohomish1,WA
53063,Spokane1,WA
53065,Stevens3,WA
53067,Thurston2,WA
53069,Wahkiakum1,WA
53071,Walla Walla1,WA
53073,Whatcom1,WA
53075,Whitman1,WA
53077,Yakima1,WA
54000,West Virginia1,WA
54001,Barbour2,WV
54003,Berkeley2,WV
54005,Boone8,WV
54007,Braxton1,WV
54009,Brooke1,WV
54011,Cabell1,WV
54013,Calhoun11,WV
54015,Clay18,WV
54017,Doddridge1,WV
54019,Fayette11,WV
54021,Gilmer2,WV
54023,Grant14,WV
54025,Greenbrier1,WV
54027,Hampshire2,WV
54029,Hancock10,WV
54031,Hardy1,WV
54033,Harrison8,WV
54035,Jackson23,WV
54037,Jefferson25,WV
54039,Kanawha1,WV
54041,Lewis7,WV
54043,Lincoln22,WV
54045,Logan10,WV
54047,McDowell2,WV
54049,Marion17,WV
54051,Marshall12,WV
54053,Mason6,WV
54055,Mercer8,WV
54057,Mineral4,WV
54059,Mingo1,WV
54061,Monongalia1,WV
54063,Monroe16,WV
54065,Morgan11,WV
54067,Nicholas2,WV
54069,Ohio4,WV
54071,Pendleton2,WV
54073,Pleasants1,WV
54075,Pocahontas2,WV
54077,Preston1,WV
54079,Putnam9,WV
54081,Raleigh1,WV
54083,Randolph8,WV
54085,Ritchie1,WV
54087,Roane2,WV
54089,Summers1,WV
54091,Taylor6,WV
54093,Tucker1,WV
54095,Tyler2,WV
54097,Upshur2,WV
54099,Wayne16,WV
54101,Webster8,WV
54103,Wetzel1,WV
54105,Wirt1,WV
54107,Wood3,WV
54109,Wyoming3,WV
55000,Wisconsin1,WV
55001,Adams12,WI
55003,Ashland2,WI
55005,Barron1,WI
55007,Bayfield1,WI
55009,Brown9,WI
55011,Buffalo3,WI
55013,Burnett1,WI
55015,Calumet1,WI
55017,Chippewa3,WI
55019,Clark12,WI
55021,Columbia8,WI
55023,Crawford11,WI
55025,Dane1,WI
55027,Dodge4,WI
55029,Door1,WI
55031,Douglas12,WI
55033,Dunn2,WI
55035,Eau Claire1,WI
55037,Florence2,WI
55039,Fond du Lac1,WI
55041,Forest2,WI
55043,Grant15,WI
55045,Green2,WI
55047,Green Lake1,WI
55049,Iowa3,WI
55051,Iron4,WI
55053,Jackson24,WI
55055,Jefferson26,WI
55057,Juneau2,WI
55059,Kenosha1,WI
55061,Kewaunee1,WI
55063,La Crosse1,WI
55065,Lafayette6,WI
55067,Langlade1,WI
55069,Lincoln23,WI
55071,Manitowoc1,WI
55073,Marathon1,WI
55075,Marinette1,WI
55077,Marquette2,WI
55078,Menominee2,WI
55079,Milwaukee1,WI
55081,Monroe17,WI
55083,Oconto1,WI
55085,Oneida3,WI
55087,Outagamie1,WI
55089,Ozaukee1,WI
55091,Pepin1,WI
55093,Pierce5,WI
55095,Polk12,WI
55097,Portage2,WI
55099,Price1,WI
55101,Racine1,WI
55103,Richland7,WI
55105,Rock3,WI
55107,Rusk2,WI
55109,St. Croix1,WI
55111,Sauk1,WI
55113,Sawyer1,WI
55115,Shawano1,WI
55117,Sheboygan1,WI
55119,Taylor7,WI
55121,Trempealeau1,WI
55123,Vernon3,WI
55125,Vilas1,WI
55127,Walworth2,WI
55129,Washburn1,WI
55131,Washington32,WI
55133,Waukesha1,WI
55135,Waupaca1,WI
55137,Waushara1,WI
55139,Winnebago3,WI
55141,Wood4,WI
56000,Wyoming4,WI
56001,Albany2,WY
56003,Big Horn2,WY
56005,Campbell5,WY
56007,Carbon4,WY
56009,Converse1,WY
56011,Crook2,WY
56013,Fremont4,WY
56015,Goshen1,WY
56017,Hot Springs1,WY
56019,Johnson12,WY
56021,Laramie1,WY
56023,Lincoln24,WY
56025,Natrona1,WY
56027,Niobrara1,WY
56029,Park3,WY
56031,Platte3,WY
56033,Sheridan5,WY
56035,Sublette1,WY
56037,Sweetwater1,WY
56039,Teton3,WY
56041,Uinta1,WY
56043,Washakie1,WY
56045,Weston1,WY
60000,America Somoa1,XX
60010,Eastern1,XX
60020,Manu'a1,XX
60030,Rose Island1,XX
60040,Swains Island1,XX
60050,Western1,XX
64000,Federated States of Micronesia1,XX
64002,Chuuk1,XX
64005,Kosrae1,XX
64040,Pohnpeit1,XX
64060,Yap1,XX
66000,Guam1,XX
66010,Guam2,XX
68000,Marshall Islands1,XX
68007,Ailinginae1,XX
68010,Ailinglaplap1,XX
68030,Ailuk1,XX
68040,Arno1,XX
68050,Aur1,XX
68060,Bikar1,XX
68070,Bikini1,XX
68073,Bokak1,XX
68080,Ebon1,XX
68090,Enewetak1,XX
68100,Erikub1,XX
68110,Jabat1,XX
68120,Jaluit1,XX
68130,Jemo1,XX
68140,Kili1,XX
68150,Kwajalein1,XX
68160,Lae1,XX
68170,Lib1,XX
68180,Likiep1,XX
68190,Majuro1,XX
68300,Maloelap1,XX
68310,Mejit1,XX
68320,Mili1,XX
68330,Namorik1,XX
68340,Namu1,XX
68350,Rongelap1,XX
68360,Rongrik1,XX
68385,Toke1,XX
68390,Ujae1,XX
68400,Ujelang1,XX
68410,Utrik1,XX
68420,Wotho1,XX
68430,Wotle1,XX
69000,Northern Mariana Islands1,XX
69085,Northern Islands1,XX
69100,Rota1,XX
69110,Saipan1,XX
69120,Tinian1,XX
70000,Palau1,XX
70002,Aimeliik1,XX
70004,Airai1,XX
70212,Melekeok1,XX
70214,Ngaraard1,XX
70227,Ngernmlengui1,XX
70228,Ngiwal1,XX
72000,Puerto Rico1,XX
72001,Adjuntas1,XX
72003,Aguada1,XX
72005,Aguadilla1,XX
72007,Aguas Buenas1,XX
72009,Aibonito1,XX
72011,Anasco1,XX
72013,Arecibo1,XX
72015,Arroyo1,XX
72017,Barceloneta1,XX
72019,Barranquitas1,XX
72021,Bayamo'n1,XX
72023,Cabo Rojo1,XX
72025,Caguas1,XX
72027,Camuy1,XX
72029,Canovanas1,XX
72031,Carolina1,XX
72033,Catano1,XX
72035,Cayey1,XX
72037,Ceiba1,XX
72041,Cidra1,XX
72043,Coamo1,XX
72045,Comerio1,XX
72047,Corozal1,XX
72049,Culebra1,XX
72051,Dorado1,XX
72053,Fajardo1,XX
72054,Florida2,XX
72055,Guanica1,XX
72057,Guayama1,XX
72059,Guayanilla1,XX
72061,Guaynabo1,XX
72063,Gurabo1,XX
72065,Hatillo1,XX
72067,Hormigueros1,XX
72069,Humacao1,XX
72071,Isabela1,XX
72073,Jayuya1,XX
72075,Juana Diaz1,XX
72077,Juncos1,XX
72079,Lajas1,XX
72081,Lares1,XX
72083,Las Marias1,XX
72085,Las Piedras1,XX
72087,Loiza1,XX
72089,Luquillo1,XX
72091,Manati1,XX
72093,Maricao1,XX
72097,Mayaguez1,XX
72099,Moca1,XX
72101,Morovis1,XX
72103,Naguabo1,XX
72105,Naranjito1,XX
72107,Orocovis1,XX
72109,Patillas1,XX
72111,Penuelas1,XX
72113,Ponce1,XX
72115,Quebradillas1,XX
72117,Rincon1,XX
72119,Rio Grande2,XX
72121,Sabana Grande1,XX
72123,Salinas1,XX
72125,San German1,XX
72127,San Juan5,XX
72129,San Lorenzo1,XX
72131,San Sebastian1,XX
72133,Santa Isabel1,XX
72135,Toa Alta1,XX
72137,Toa Baja1,XX
72139,Trujillo Alto1,XX
72141,Utuado1,XX
72143,Vega Alta1,XX
72145,Vega Baja1,XX
72147,Vieques1,XX
72149,Villalba1,XX
72151,Yabucoa1,XX
72153,Yauco1,XX
74000,U.S. Minor Outlying Islands1,XX
74050,Baker Island1,XX
74100,Howland Island1,XX
74150,Jarvis Island1,XX
74200,Johnston Island1,XX
74250,Kingman Reef1,XX
74300,Midway Islands1,XX
74350,Navassa Island1,XX
74400,Palmyra Atoll1,XX
74450,Wake Island1,XX
78000,Virgin Islands of the United States1,XX
78010,Angaur1,XX
78010,St. Croix2,XX
78020,St. John1,XX
78030,St. Thomas1,XX
78050,Hatoboheit1,XX
78100,Kayangel1,XX
78150,Koror1,XX
78218,Ngarchelong1,XX
78222,Ngardmau1,XX
78224,Ngatpang1,XX
78226,Ngchesar1,XX
78350,Peleliu1,XX
78370,Sonsorol1,XX